Entity,Year,A,O,R,W,Total_DDD,Access_pct,Watch_pct,Reserve_pct,Other_pct
Armenia,2016,5958454.849649999,66996.5,9097.5,4252700.441697,10287249.291346999,57.92077824595818,41.33952936548461,0.08843471896469211,0.651257669592525
Armenia,2017,8827702.950334001,55740.0,16710.0,4277344.2952344,13177497.245568402,66.99074024320333,32.45945884506159,0.1268070839902439,0.4229938277448352
Armenia,2018,8588726.7333297,73779.0,10066.666667,4833162.952044633,13505735.352041334,63.59318104090905,35.78600369445357,0.07453623519639355,0.5462790294409894
Armenia,2019,7226904.4500503,51626.5,15400.0,5271057.94014257,12564988.89019287,57.51620246708685,41.950358939486975,0.12256278246310184,0.41087581096307313
Armenia,2020,9131651.38329667,77212.0,24470.0,10042175.691663,19275509.074959673,47.374372047892464,52.09810881056593,0.12694865751581294,0.40057048402578466
Armenia,2021,7557015.38266,38139.5,22628.571429,7541393.5496029295,15159177.003691928,49.85109271314355,49.748040726526696,0.1492730866820075,0.25159347364775375
Armenia,2022,5192594.566707,61694.5,5138.75,4889447.3091871,10148875.1258941,51.164237438082985,48.17723391543206,0.050633690298236715,0.6078949561867313
Armenia,2023,9342294.16629667,64553.0,21675.0,5482426.0622414,14910948.22853807,62.653923969881745,36.76778953432741,0.14536298877703974,0.432923507013806
Austria,2016,21955766.133333698,453971.5,62732.9977778,14117948.292827101,36590418.923938595,60.00413982407168,38.583729588268525,0.17144651420418178,1.240684073455627
Austria,2017,23137287.974666297,188914.3333,70224.5679366,15115580.4261931,38512007.302096,60.078114841360296,39.24900695937093,0.18234460589328474,0.49053359337548325
Austria,2018,20779502.710333,179402.4167,65578.7707903,13734051.7785744,34758535.676397696,59.78244568122884,39.51274560711808,0.18866954408217593,0.5161391675709192
Austria,2019,23358375.100827,253113.25,279331.3719014,15175529.452344,39066349.1750724,59.79154846578702,38.84552760314562,0.7150178550076461,0.6479060760597191
Austria,2020,18464481.584900003,242541.0,272836.2093623,11095908.365313599,30075767.159575902,61.393218955750065,36.8931848236521,0.9071629259353107,0.8064332946625328
Austria,2021,18501253.9153331,384446.75,304557.9785744,11155738.407114,30345997.051021498,60.967691666965074,36.76181207148202,1.00361829621989,1.266877965333022
Austria,2022,21967985.2528703,350490.0,304788.4119009,13398907.418990001,36022171.0837612,60.98462305836272,37.19627944643856,0.8461133872030793,0.9729841079956475
Austria,2023,24647022.097,372714.0,307107.779,13804749.348,39131593.224,62.984969602218,35.27775950490392,0.7848077568475952,0.9524631360304769
Bangladesh,2016,494809954.68772334,570471.0,276856.9167,892740797.406793,1388398080.0112162,35.63891090109589,64.3000599222653,0.019940744710462536,0.04108843192835526
Bangladesh,2017,595974500.3586633,547689.0,578401.0,641214595.5129731,1238315185.8716364,48.12785203301561,51.781210698924696,0.046708706038589835,0.04422856202110513
Bangladesh,2018,491222970.5773333,605735.0,848298.0,688552637.7619029,1181229641.3392363,41.585730105824474,58.29117503191389,0.07181482501897174,0.05128003724265157
Bangladesh,2019,546084644.924303,637226.0,3219747.917,919483376.8526729,1469424995.6939762,37.16315201691528,62.574366132816586,0.2191161798958909,0.0433656703722433
Bangladesh,2020,619910078.308,548477.0,3496814.5003299997,897668582.9515431,1521623952.759873,40.740031542197194,58.994114894378505,0.2298080609198869,0.03604550250442561
Bangladesh,2021,918240982.172997,883337.5,5516049.72222,2498072269.688127,3422712639.083344,26.827872480083993,72.98515923198127,0.1611601762658429,0.025808111668894632
Bangladesh,2022,899766250.666403,917932.75,6532251.417,2149495709.206097,3056712144.0395,29.4357534588568,70.32051458942745,0.21370188323875053,0.03003006847700534
Bangladesh,2023,660950155.4,214618419.04,4331886.47,1131967651.2,2011868112.11,32.852558844267925,56.26450582850677,0.215316622591966,10.66761870463334
Belarus,2016,34515392.0,603738.0,97491.0,25467499.0,60684120.0,56.87714018098969,41.96732028082471,0.16065323185044125,0.9948863063351665
Belarus,2017,44408522.0,555700.0,240968.0,26093149.0,71298339.0,62.285493074389855,36.59713447181427,0.337971407721013,0.7794010460748602
Belarus,2018,41585152.0,1180192.0,443090.0,24339889.0,67548323.0,61.56355946838236,36.03329870972519,0.6559600302734385,1.7471817916190162
Belarus,2019,53852060.0,941312.0,261915.0,24869034.0,79924321.0,67.37881451629724,31.115727589352932,0.3277037536546604,1.1777541406951708
Belarus,2020,42821422.400037,623722.8,345175.41269300005,47403235.042096004,91193555.654826,46.95663206961584,51.98090446382042,0.37850855821382073,0.6839549083499218
Belarus,2021,45399469.05003,287262.15833,319047.0476527,22880305.707999997,68886083.9640127,65.90513850917623,33.2146993868211,0.46315166909382716,0.4170104349088428
Belarus,2022,39939294.203099996,555400.1,284618.547646,17594354.38129,58373667.232036,68.4200532482238,30.140909789601256,0.48758037852005764,0.9514565836548836
Belarus,2023,45697976.0633,523491.03333,233537.936503,21492049.79163,67947054.82476299,67.25527130080344,31.630583322645094,0.3437057531121837,0.770439623439302
Belgium,2016,63248682.9425023,2568347.055,111538.05901930001,34612868.5644139,100541436.6209355,62.908075583766006,34.426471042891926,0.11093740329156457,2.554515970050501
Belgium,2017,60097288.176477,2567207.3975,112618.3931173,32253329.6961254,95030443.66321969,63.24003746573782,33.939996966055034,0.11850770003390765,2.701457868173254
Belgium,2018,62048134.68790831,2589332.2875,116112.14822110001,28748490.441545,93502069.5651744,66.36017253570891,30.746368048576976,0.12418136706606857,2.769278048648046
Belgium,2019,61387932.665727,2485960.965,111914.1934887,26219987.7433768,90205795.5675925,68.05320243501221,29.06685493808409,0.12406541374034119,2.755877213163353
Belgium,2020,47849029.0423437,2331538.288,107997.069066,20615705.5055308,70904269.9049405,67.4839880679875,29.075407635068718,0.15231391453686619,3.2882903824069167
Belgium,2021,51017889.632,2464300.1,106809.761,20831015.690500002,74420015.1835,68.55398981873819,27.99114678912151,0.14352289600672005,3.311340496133587
Belgium,2022,61155890.6394,2327083.7,109575.9549,24291377.6814,87883927.9757,69.58711569686514,27.640295832153285,0.12468258693477817,2.647905884046786
Belgium,2023,61778205.6895,2466054.375,104534.1918,25127511.0352,89476305.2915,69.0442072772631,28.08286613236705,0.11682890957493575,2.7560976807949045
Benin,2016,70960166.32003331,260729.33333,0.0,18899718.3666667,90120614.02003002,78.73910657584052,20.971581887431533,0.0,0.2893115367279353
Benin,2017,78050628.3132967,402152.5,0.0,37389594.6631289,115842375.4764256,67.37657786479035,32.27626722031251,0.0,0.3471549148971308
Benin,2018,79256481.22997369,312938.06667,0.0,21426897.651542798,100996316.94818649,78.47462523869474,21.215523792353046,0.0,0.30985096895220904
Benin,2019,62659283.086629696,546706.93333,0.0,17943462.6710429,81149452.69100259,77.21467121315165,22.111625003026514,0.0,0.6737037838218419
Benin,2020,49193985.0716663,568579.04167,150.0,15546156.9484234,65308871.0617597,75.32511934733297,23.80405095920597,0.0002296778332887605,0.8706000156277698
Benin,2021,59337984.141370006,2812244.05,0.0,20544396.325085297,82694624.51645531,71.75555181287801,24.84369019777965,0.0,3.400757989342336
Benin,2022,84796921.891736,933947.65837,0.0,20638939.559167698,106369809.1092737,79.71897533878634,19.40300516847343,0.0,0.8780194927402338
Benin,2023,78938616.67,896412.18,0.0,35929979.32,115765008.17000002,68.18866764478541,31.036994587550243,0.0,0.7743377676643237
Bhutan,2019,2899481.883663,0.0,204.4,400706.5416667,3300392.8253297,87.85262958427835,12.141177213553982,0.006193202167671693,0.0
Bhutan,2020,2344545.18333,0.0,131.6,325731.142857,2670407.926187,87.79726723915586,12.197804674812447,0.0049280860317063215,0.0
Bhutan,2021,2358761.691627,0.0,48.0,358685.333333,2717495.02496,86.79911720028703,13.199116467132436,0.0017663325805244677,0.0
Bhutan,2022,3273923.125294,0.0,346.6666667,372507.571429,3646777.3633897,89.77578829355434,10.214705596470855,0.009506109974801735,0.0
Bhutan,2023,3085894.75,0.0,453.6,402496.85,3488845.2,88.4503201804425,11.536678382864334,0.013001436693149928,0.0
Brunei Darussalam,2023,1087411.82,4816.0,3249.21,462515.5,1557992.53,69.79570178041868,29.686631424349642,0.20855106410555124,0.3091157311261306
Burkina Faso,2017,123314877.16002701,555473.91667,0.0,17402665.1686259,141273016.2453229,87.28834453841398,12.318463660750249,0.0,0.39319180083577343
Burkina Faso,2018,130884542.543603,897824.41667,0.0,24835229.068410598,156617596.0286836,83.56950040251688,15.857240628225561,0.0,0.5732589692575594
Burkina Faso,2019,105055652.8337,869716.3433300001,0.0,35274930.579122,141200299.756152,74.40186247134564,24.98219241746694,0.0,0.6159451111874195
Burkina Faso,2020,120641087.41663,865742.84667,0.0,36658623.6869571,158165453.9502571,76.27524494354597,23.1773897342249,0.0,0.5473653222291357
Burkina Faso,2021,108188212.288403,792708.81333,0.0,39116283.136819,148097204.238552,73.05216384377898,26.412573645759895,0.0,0.5352625104611162
Burkina Faso,2022,124540887.941403,786063.59533,0.0,39842498.675563,165169450.212296,75.40189047146903,24.12219609882611,0.0,0.4759134297048605
Burkina Faso,2023,131202603.32140031,920799.303,0.0,37968686.407528296,170092089.03192863,77.13621725039297,22.322429352020627,0.0,0.5413533975863822
Canada,2022,151986398.0,7121170.0,441903.0,48050881.0,207600352.0,73.21105023945239,23.14585719006873,0.2128623558403215,3.430230214638557
Canada,2023,151177962.0,6812369.0,468437.0,48166514.0,206625282.0,73.16527800310516,23.31104574124671,0.2267084625200899,3.296967793128045
"China, Hong Kong SAR",2021,24257902.800307002,1258749.75,58511.523807,11751836.228297,37327000.302411,64.98754950512365,31.483473445729672,0.15675388681908273,3.372223162327608
"China, Hong Kong SAR",2022,24258827.9837,1410227.75,61731.146821,12842651.494381001,38573438.374902,62.88998078917467,33.294028314409054,0.16003537517455452,3.6559555212417147
"China, Hong Kong SAR",2023,28701602.139999997,1399103.25,74589.89,16887236.66,47062531.94,60.98609861575586,35.88255022387986,0.15849102656672748,2.972860133797553
Colombia,2018,272694229.9957,210359.0,415947.5952367,127151342.44522,400471879.0361567,68.09322808183487,31.75037976480244,0.10386437026184954,0.052527783100847304
Colombia,2019,271381852.530367,258092.0,535983.25,90758494.64922,362934422.429587,74.774349237435,25.006857724229253,0.14768046701439191,0.07111257132135833
Colombia,2020,282862548.041,266835.0,556649.103173,130950657.155633,414636689.299806,68.21937260753937,31.582023620912185,0.134249842702779,0.0643539288456606
Colombia,2021,325619383.2377,632514.0,757564.833337,164061531.038663,491070993.1097,66.3080059312239,33.40892321897201,0.1542678846778816,0.12880296512620593
Colombia,2022,233049437.94,713096.0,773326.56,112622090.99000001,347157951.49,67.13066399307667,32.44116705569514,0.22275928195822298,0.2054096692699666
Colombia,2023,311454168.05,1017076.0,1303572.63,119370593.35,433145410.03,71.90522185804265,27.559011497255,0.3009549679655415,0.23481167673681608
Croatia,2016,19449244.1878,8559.29,24434.677,10231565.946800001,29713804.101600002,65.45524807694588,34.433712734375405,0.08223341890675069,0.02880576977196638
Croatia,2017,18845431.9327,88480.391,33213.2636,10558083.6808,29525209.268099997,63.82827556470944,35.7595557915564,0.11249120471394829,0.2996774390202108
Croatia,2018,18821640.2317,156839.24099999998,37327.7379,10884721.736299999,29900528.9469,62.94751596242706,36.403107636089146,0.1248397242948106,0.5245366771889853
Croatia,2019,18939784.9188,142275.2695,46890.8777,10774422.721,29903373.787,63.33661563978363,36.030793039426214,0.15680798438999227,0.47578333640016174
Croatia,2020,15457290.214200001,133795.64310000002,55516.9153,9307598.7805,24954201.5531,61.94263591767687,37.29872406734544,0.222475221985627,0.5361647929920599
Croatia,2021,15902857.3041,140372.6748,82967.1919,10142415.9852,26268613.156000003,60.5393867185091,38.61039760632881,0.3158415383685739,0.5343741367935047
Croatia,2022,17580400.3948,148232.90120000002,92707.73109999999,11297125.6108,29118466.6379,60.37543327201753,38.797117139732535,0.31838122608878555,0.5090683621611556
Croatia,2023,18624735.135500003,172146.363,90895.7151,11652316.670899998,30540093.884500004,60.98453791902914,38.15416126410106,0.2976274907462948,0.5636733261234974
Cyprus,2016,4273368.3503327,86064.0,3881.777778,4583376.630957,8946690.7590677,47.76479332317965,51.22985419286601,0.04338786130576514,0.9619646226485692
Cyprus,2017,4514910.2336966,71346.5,5808.638889,4586246.76488,9178312.1374656,49.19107310882215,49.96830240888273,0.0632865694912391,0.7773379128038769
Cyprus,2018,4309580.7499606,103738.0,7944.361111,4435825.4881,8857088.599171601,48.65685492142049,50.08220747069054,0.08969494910260954,1.1712426587863483
Cyprus,2019,4804260.5557784,102545.0,11855.4999996,4894828.636307,9813489.692085,48.95567944248459,49.878573167044635,0.12080819740567894,1.0449391930651024
Cyprus,2020,4241070.0219193,60347.5,13654.166667,5252178.9541693,9567250.6427556,44.32903642103986,54.89747420954517,0.14271776894795837,0.6307716004670122
Cyprus,2021,4056805.1950213,136065.5,29547.19444,4146334.535127,8368752.4245883,48.47562682224853,49.54543192058855,0.35306570132469384,1.6258755558382254
Cyprus,2022,6222193.5753923,18075.5,35761.7499967,4949521.09527,11225551.920659,55.428843226329526,44.09156120120139,0.31857453646342043,0.16102103600567436
Czechia,2019,41248062.855000004,62892.5,111430.617,25550926.964,66973312.936000004,61.58880462493595,38.15090794211805,0.1663806255283856,0.0939068074176058
Czechia,2020,33642675.637,59288.024,124878.42300000001,19747429.79,53574271.874,62.79632827511566,36.85991260216003,0.2330940181393384,0.11066510458497324
Czechia,2022,40511002.0,72134.0,169270.0,26695039.0,67447445.0,60.06306391591261,39.57902185916753,0.250965770460245,0.10694845445961666
Czechia,2023,45884591.092,111432.726,191495.687,28439138.223,74626657.728,61.48552338929692,38.1085514061949,0.25660493559548847,0.14932026891268682
Côte d'Ivoire,2021,133810571.77329999,1146674.4583,0.0,30847930.377384298,165805176.6089843,80.70349461335779,18.60492597895932,0.0,0.6915794076829002
Côte d'Ivoire,2022,165862166.59537,1189202.0,0.0,35088909.813552,202140278.408922,82.05300195532394,17.35869273048516,0.0,0.5883053141909156
Côte d'Ivoire,2023,86435178.09993334,1193068.7083,0.0,27798610.155522,115426856.96375534,74.88307346623365,24.083312052974737,0.0,1.0336144807916152
Denmark,2016,28511949.7835467,0.0,83155.3211111,7115146.265119899,35710251.369777694,79.84247853174435,19.924660264759687,0.23286120349596873,0.0
Denmark,2017,27370612.9696,0.0,81727.7789,6861524.9687,34313865.717199996,79.76546039777833,19.996362477051445,0.2381771251702298,0.0
Denmark,2018,26518760.1275,37.5,93483.9574,6435500.7279,33047782.312800005,80.2436904131652,19.473320984105534,0.28287513066736697,0.00011347206189226069
Denmark,2019,26312084.910099998,22.5,87762.3205,6233282.2929,32633152.0235,80.62992165498437,19.10107331468087,0.26893608204564495,6.894828910120957e-05
Denmark,2020,24819824.557800002,97.8,93080.5352,5572634.0814000005,30485636.974400003,81.41481373225756,18.279539594595192,0.30532586633555797,0.00032080681168684955
Denmark,2021,25296363.8475,343.3,86881.0109,5486108.726100001,30869696.8845,81.94561787291657,17.771825705404424,0.2814443278308439,0.0011120938481659487
Denmark,2022,26967382.8291,401.7,81966.0006,5537980.118,32587730.6477,82.75317824563928,16.994064968408175,0.2515241134343457,0.001232672518202342
Denmark,2023,29057231.919,214.9,79240.202,5899262.99,35035950.011,82.93547601785338,16.837742342216632,0.22616826994878544,0.0006133699812122386
Egypt,2020,637883234.35,9867148.34,14760083.34,480881922.67,1143392388.6999998,55.78865494069386,42.05747103290999,1.2909027107292308,0.8629713156669364
Egypt,2021,665422220.53,8548205.24,15432629.85,546140213.78,1235543269.3999999,53.856650512380675,44.202435261147485,1.2490562032274546,0.6918580232443943
Egypt,2022,737996362.62,7253740.68,14850007.59,514934119.36,1275034230.25,57.880513723564796,40.385905503026,1.1646752093148365,0.5689055640943643
Egypt,2023,723188882.27,5929553.59,14273440.0,482454703.07,1225846578.9299998,58.99505653482732,39.35685846520194,1.1643740942246463,0.4837109057461096
Estonia,2016,3345527.9416825,389.5,4598.8888889,2272575.2678526,5623091.598424,59.49623766790783,40.41504976532023,0.0817857722642993,0.006926794507654229
Estonia,2017,3375842.2500037,313.125,7099.4444446,2298199.4452393,5681454.2646876,59.41862932851267,40.45090109276218,0.12495822572621501,0.005511352998935344
Estonia,2018,3496410.6833646,391.25,7968.3333334,2256039.5238437,5760809.7905417,60.69304161205131,39.16184713384818,0.13831967419724028,0.006791579903269293
Estonia,2019,3554381.4374697,1674.0,10176.1111111,2225486.0535653,5791717.602146099,61.37007502148649,38.42532054291899,0.17570109266600428,0.02890334292852444
Estonia,2020,3168137.3332665,4450.25,9659.047619,1982968.0773454001,5165214.7082309,61.3360240033777,38.390816052341265,0.18700186080567116,0.08615808347537644
Estonia,2021,3174043.9833261,2622.75,10771.448412599999,1787848.678604,4975286.8603427,63.796200549277884,35.934584854889195,0.2164990424664289,0.05271555336649159
Estonia,2022,3919011.3872364,2749.0,12479.424603200001,2183325.000032,6117564.811871599,64.06162431873645,35.68944616320356,0.20399333700531833,0.04493618105467974
Estonia,2023,4132288.467,3720.25,11854.490000000002,2265029.723,6412892.930000001,64.43719725412599,35.319936691972806,0.18485401408378108,0.058012039817418246
Ethiopia,2020,282605734.48697,25000.0,0.0,144439114.58333,427069849.0703,66.17318808672215,33.82095806991841,0.0,0.0058538433594465126
Ethiopia,2021,355026993.11963296,0.0,0.0,170377780.58,525404773.699633,67.57209125065872,32.42790874934127,0.0,0.0
Ethiopia,2022,350247328.0363,0.0,0.0,133941589.83333,484188917.86963,72.33691542907343,27.663084570926582,0.0,0.0
Ethiopia,2023,295880036.5,51415.0,50.0,217190396.21,513121897.71000004,57.662718706895234,42.32725151261212,9.744273285381867e-06,0.010020036219358174
Finland,2016,25712102.7122301,0.0,32991.8095236,7199391.4413917,32944485.9631454,78.0467564162146,21.853099937408558,0.10014364637683994,0.0
Finland,2017,23516361.593120098,0.0,30695.7309529,6474013.960400401,30021071.2844734,78.33285284953348,21.56489986334597,0.10224728712054831,0.0
Finland,2018,22911678.7439163,145.0,37105.861904000005,6472402.4116097,29421332.017429996,77.8743760831182,21.999012171764598,0.12611890543234916,0.0004928396848725206
Finland,2019,22288098.6365566,165.05,35514.0761904,5798535.9295383,28122313.6922853,79.25414274384835,20.61898602293521,0.12628433271527892,0.0005869005011677885
Finland,2020,17469748.9043867,1.7,35333.7023814,5297104.0742444005,22802188.3810125,76.61435215110252,23.23068288767988,0.15495750579283238,7.455424767105243e-06
Finland,2021,16686056.985259,132.5,34330.0857148,5102569.1472147,21823088.7181885,76.46056523315131,23.381516764682136,0.15731084704883008,0.0006071551177334838
Finland,2022,18908664.005430102,275.4,34645.2357147,5392302.7257887,24335887.366933502,77.69868310256209,22.15782249680986,0.1423627385857085,0.0011316620423473893
Finland,2023,20104929.481,95.05,39981.471999999994,5262214.949,25407220.952,79.13076963034553,20.711493629868126,0.15736263354238567,0.0003741062439672997
France,2016,447273312.366,4768142.0,1065516.667,180638847.625,633745818.658,70.57613623599627,28.50335928172514,0.168129971927279,0.7523745103513055
France,2017,435860598.333,5332040.0,996685.667,170515622.042,612704946.042,71.13711112479291,27.829973161390377,0.16266976028812385,0.8702459535285841
France,2018,446072805.0,20845465.0,1446036.0,158937562.0,627301868.0,71.10975237841951,25.33669515551323,0.23051676932038084,3.323035696746881
France,2019,450678604.0,20261036.0,1740737.0,149297758.0,621978135.0,72.45891433144993,24.003698779539896,0.2798710922531063,3.2575157967570676
France,2020,359174399.0,19213505.0,1978938.0,125949025.0,506315867.0,70.93879975126278,24.875583249299986,0.3908504806941,3.7947665187431303
France,2021,393194533.0,19262766.0,2077716.0,125696305.0,540231320.0,72.78262448759912,23.26712657089189,0.3845974720606721,3.5656514694483095
France,2022,438378492.0,17806954.0,2185629.0,152585830.0,610956905.0,71.75276822511728,24.974892459886348,0.35773865261413157,2.9146006623822345
France,2023,445226270.0,14903258.0,2765097.0,145497039.0,608391664.0,73.18086297776756,23.915028362387293,0.45449291363071664,2.449615746214432
Gabon,2020,9624997.333003301,27000.0,0.0,2235599.93333,11887597.2663333,80.9667178098481,18.806154711023158,0.0,0.22712747912874137
Gabon,2021,11859046.3120367,73663.66667,77220.0,4006536.2333367,16016466.2120434,74.04283913213905,25.01510745437736,0.482128822785736,0.45992459069784974
Gabon,2023,7012992.1,181468.67,18635.0,2996611.69,10209707.459999999,68.68945195027165,29.350612657025145,0.18252236974476446,1.7774130229584466
Georgia,2016,18482286.0,400860.0,1542874.0,10371670.0,30797690.0,60.011922972144994,33.67677900517864,5.009706896848432,1.3015911258279436
Georgia,2017,22033246.0,1011294.0,63161.0,11390036.0,34497737.0,63.86867057395678,33.01676280968807,0.18308737178905388,2.9314792445661
Georgia,2018,12393072.0,723259.0,8222.0,15450382.0,28574935.0,43.37042936405629,54.06970129590846,0.02877346877604446,2.5310958712591995
Georgia,2019,12163088.0,497535.0,10951.0,9914272.0,22585846.0,53.85270049215779,43.895951473325376,0.04848611825299792,2.2028619162638408
Georgia,2020,10430164.0,365700.0,4333.0,9016863.0,19817060.0,52.63224716481658,45.500508148030036,0.021864999147199433,1.8453796880061928
Georgia,2021,12372789.51093,656002.0,27245.33333,21025920.444601,34081957.28886101,36.303048578063304,61.692232832745475,0.07994063574190495,1.9247779534492901
Georgia,2022,11672577.10577,578162.25,38333.3888867,15252171.523803,27541244.2684597,42.38217050758837,55.37938437033444,0.1391853923266622,2.0992597297505284
Georgia,2023,16308497.981267,978149.875,52736.2222267,16388817.5479997,33728201.6264934,48.35270543584726,48.59084314512142,0.15635646042057533,2.9000949586107376
Germany,2016,177262645.997,6260104.0,489934.0,153650287.126,337662971.123,52.49691590625398,45.50403812860783,0.14509556625962766,1.8539503988785435
Germany,2017,184693841.0,6336673.0,500331.0,143617235.0,335148080.0,55.10813041208531,42.85187461017232,0.1492865482028123,1.8907084295395635
Germany,2018,178237400.0,6364007.0,484757.0,128615807.0,313701971.0,56.81743070718546,40.99936209836565,0.15452787830905915,2.0286793161398404
Germany,2019,185731960.0,6458398.0,483970.0,113915616.0,306589944.0,60.57992560904085,37.15569222974906,0.15785579712294806,2.1065263640871406
Germany,2020,156245258.0,6282369.0,496293.0,80256353.0,243280273.0,64.22438452294898,32.98925638742604,0.20400051096621385,2.58235857865878
Germany,2021,146614094.0,5679316.0,438739.0,68657370.0,221389519.0,66.22449638187253,31.01202365410984,0.19817514486763035,2.565304819149998
Germany,2022,176786982.0,5884375.0,436111.0,90477742.0,273585210.0,64.61861808977174,33.07113787327904,0.15940591232983684,2.150838124619383
Germany,2023,226063839.0,6651459.0,1720751.0,137969819.0,372405868.0,60.70361893438263,37.04823979841263,0.4620633421383145,1.7860779250664225
Honduras,2019,18273128.2,0.0,350.0,5401774.9,23675253.1,77.18239852734668,22.816123135764915,0.001478336888402684,0.0
Honduras,2020,16225560.17,0.0,2697.33,6269091.12,22497348.619999997,72.12209955965913,27.865910894170078,0.011989546170796728,0.0
Honduras,2021,10950007.16,0.0,3151.83,6172160.79,17125319.779999997,63.940453671341615,36.0411418256156,0.018404503042803912,0.0
Honduras,2022,10385286.66,0.0,3708.33,3207299.48,13596294.47,76.38321369778335,23.58951173848767,0.02727456372898049,0.0
Honduras,2023,15463300.29,0.0,7041.0,6508915.8100000005,21979257.1,70.35406255837464,29.61390269191583,0.03203474970953408,0.0
Hungary,2016,25785217.901,309855.0,30364.889000000003,27443306.276,53568744.066,48.134818821272006,51.23007222679732,0.05668396661043348,0.5784249853202448
Hungary,2017,25776523.678000003,335197.0,32674.602,27880188.537,54024583.817,47.712581674509565,51.60648461715108,0.06048098789743612,0.6204527204419167
Hungary,2018,26773791.699,367585.333,34122.788,27846671.211999997,55022171.032,48.66000595183495,50.60990995030863,0.06201643330314019,0.6680676645532914
Hungary,2019,27197300.274,386897.334,35770.565,26006064.391999997,53626032.56499999,50.716599705626585,48.49522358469854,0.06670373191722244,0.721472977757664
Hungary,2020,21615827.926,367881.332,44518.943,20149794.011,42178022.212000005,51.24903158652639,47.77320735837446,0.10555009615252653,0.8722109589466114
Hungary,2021,22027171.898000002,375689.333,58044.988,22118900.805,44579807.024,49.41064883062739,49.61641218655806,0.1302046641178839,0.8427343186966776
Hungary,2022,26062205.0,480884.0,52724.0,26336252.0,52932065.0,49.237083420040385,49.75481685817471,0.09960692068219897,0.9084928011026965
Hungary,2023,26206906.476,585011.0,56045.678,25007298.203,51855261.35700001,50.53856791035592,48.22518978515231,0.10808098644831982,1.1281613180434362
Iceland,2016,1873847.8293001,1023.0,612.5,337282.4133334,2212765.7426335,84.68351589129175,15.24257208230216,0.027680291148715973,0.04623173525736562
Iceland,2017,2129921.3285847,962.0,2675.3968252,380370.1261604,2513928.8515703,84.72480544762698,15.130504824064758,0.10642293331129243,0.03826679499696647
Iceland,2018,2137184.4624467,50.0,2106.5079365,401224.38571430004,2540565.3560975,84.12239650979011,15.792720496299728,0.08291492802750626,0.0019680658826586447
Iceland,2019,2117946.9270467,79.0,1418.1746032,332691.5342,2452135.6358499,86.37152431874465,13.567419735519259,0.05783426424160532,0.003221681494491186
Iceland,2020,1853482.3041997,168.5,1843.6103174,298537.2592887,2154031.6738058003,86.0471239461822,13.859464692143384,0.08558882117748345,0.007822540496922673
Iceland,2021,1917744.7129506,136.0,1664.0023809999998,283343.2595208,2202887.9748524004,87.0559345206419,12.86235445267183,0.07553731283641386,0.006173713849843517
Iceland,2022,2178836.018553,88.0,1605.0047617999999,320673.1359894,2501202.1593042,87.11155195704461,12.8207604010148,0.0641693337673469,0.003518308173237799
Iceland,2023,2205528.2361999997,121.0,4789.679,344622.58040000004,2555061.4955999996,86.31996685786541,13.487838981310821,0.18745846267294047,0.004735698150841799
Indonesia,2023,1910863521.359,1147953.25,32809.722222,773158945.5312561,2685203229.862478,71.16271498961606,28.793312064161835,0.001221871099256809,0.04275107512286108
Iran (Islamic Republic of),2020,828080527.4973,193957.0,1188156.7226,813075793.1401,1642538434.3600001,50.41468194441088,49.50117307038282,0.07233661616344181,0.011808369042857347
Iran (Islamic Republic of),2021,955177982.6507,211662.0,992625.5,981629325.555633,1938011595.706333,49.28649471277148,50.65136492116115,0.05121875958839271,0.010921606478977598
Iran (Islamic Republic of),2022,1022948729.78333,163959.0,1355295.8889000001,1163141208.3161001,2187609192.98833,46.76103634333132,53.1695154712355,0.061953290982866616,0.007494894450321258
Iran (Islamic Republic of),2023,947531005.96,162380.0,1835811.67,1216050828.6799998,2165580026.31,43.75414412989983,56.153585363089405,0.08477228491657716,0.007498222094183442
Ireland,2016,24591508.9493733,461305.22375,111028.73473,12893666.9930533,38057509.9009066,64.6167051218122,33.87942886075726,0.2917393571442127,1.2121266602863339
Ireland,2017,23503197.7756771,738901.57625,112521.626472,12270261.608783701,36624882.5871828,64.17275937944508,33.50252817759964,0.3072272687950621,2.0174851741602176
Ireland,2018,27101616.1409637,414329.05375,131917.17631,12070577.771807,39718440.14283071,68.23434163956114,30.390362079679438,0.3321308083490067,1.0431654724103951
Ireland,2019,28711889.6478292,524603.7875,167450.1713853,11427699.673527999,40831643.2802425,70.31774217552059,27.987361652568122,0.41009902598342224,1.2847971459278587
Ireland,2020,23913575.8840014,488857.6225,174627.081194,9155557.7570987,33732618.3447941,70.89154965550412,27.141556767151055,0.5176801854189593,1.4492133919258734
Ireland,2021,24011518.734163303,294738.37375,168519.9830173,8084356.5947197,32559133.685650304,73.74741283348652,24.829765658914617,0.5175812865425572,0.9052402210563092
Ireland,2022,31673357.0543068,317694.6325,177423.6701673,10621165.290987,42789640.6479611,74.02108682073266,24.821814649880896,0.4146416456894319,0.7424568836970075
Ireland,2023,32560040.5313,309356.4625,201425.28,10110534.937300002,43181357.211100005,75.40300406058165,23.4141203294579,0.46646352270794894,0.7164120872525013
Italy,2016,279375824.3862967,12287818.6667,1229722.2935893,286831415.0843627,579724780.4309487,48.19111306206674,49.47716998937693,0.21212174036706935,2.119595208189243
Italy,2017,240567887.7956898,11457612.5,1511417.7945327,252277819.66818398,505814737.75840646,47.5604741889891,49.875537590342034,0.298808571935008,2.265179648733867
Italy,2018,246134800.97375578,11913623.0,1554195.9324974,258905498.94849202,518508118.85474515,47.46980655142026,49.932776273657886,0.29974379879146934,2.2976733761303905
Italy,2019,257502675.5987927,13151830.0033,1657135.3706297001,254211137.17211,526522778.14483243,48.9062745786775,48.28112813424821,0.3147319431209614,2.4978653439533214
Italy,2020,211738792.1800293,12969924.33,1797012.097111,222354436.802638,448860165.4097783,47.17255138618203,49.53757404594898,0.40035009466042776,2.889524473208567
Italy,2021,204937098.3539396,13416883.83,1829897.492603,208722406.986727,428906286.6632696,47.78132303638483,48.66387215037327,0.42664273047590834,3.1281620827659893
Italy,2022,246692982.663674,13242710.67,2883976.25678,260082724.73273697,522902394.323191,47.17763493567026,49.738292950325885,0.5515324251886093,2.532539688815244
Italy,2023,278314984.712,13553621.0,2973553.5300000003,251380602.708,546222761.95,50.95265230588767,46.02162711245834,0.5443847706720417,2.481335810981943
Jordan,2017,105498588.613306,1836770.0,26925.555556,54379358.212027,161741642.380889,65.22660896744515,33.621124041740494,0.016647262362151864,1.1356197284522123
Jordan,2018,78041706.513337,3174738.583,25274.7777773,57249937.419402994,138491657.29351732,56.35119691573658,41.33818494067716,0.018250036335208976,2.2923681072510402
Jordan,2019,70688908.813333,2071797.25,41096.7222267,42629579.29004,115431382.0755997,61.23890015198516,36.93066696725552,0.03560272907395707,1.7948301516853657
Jordan,2020,57234445.86,3107831.167,33336.484127100004,51158902.15584,111534515.6669671,51.31545649142133,45.8682246028631,0.029888939695259905,2.7864299660203202
Jordan,2021,61273824.050032996,3236845.833,46098.722227,47265501.612932995,111822270.218193,54.79572533313137,42.26841533507259,0.04122499224622247,2.894634339549815
Jordan,2022,73701810.353273,3200146.667,50384.9761903,64204447.12883,141156789.12529328,52.21272799557233,45.48449105897485,0.035694334294879296,2.2670866111579606
Jordan,2023,77882232.07,3429496.1,56921.6,70176619.24,151545269.01,51.392057685984774,46.307363930555475,0.037560789836496924,2.2630175936232613
Kenya,2018,917572602.182987,103242192.5,70851.3888889,193386059.275443,1214271705.347319,75.56567431673236,15.926094499593784,0.005834887577211093,8.502396296096643
Kenya,2019,304381035.0637,24918207.833,52755.888889,237623395.06032,566975393.8459089,53.685052008875,41.910706820709166,0.00930479337580175,4.39493637704006
Kenya,2020,137274991.47,29848894.167,107162.4222222,99209657.34719001,266440705.40641218,51.52177902419572,37.23517290492897,0.040219988931023534,11.202828081944288
Kenya,2021,205734652.25997,16009578.667,120228.333333,141926635.479157,363791094.73946005,56.55296548897467,39.01322421891663,0.03304872908423037,4.400761563024445
Kuwait,2022,19770776.6999993,48000.05,31894.0,16004764.678568,35855435.4285673,55.14024990545009,44.63692739264975,0.08895164601623808,0.1338710558839195
Kuwait,2023,26017657.49,41576.5,61235.240000000005,29572496.71,55692965.940000005,46.71623615454371,53.09915931189496,0.10995147944889644,0.07465305411242028
Lao People's Democratic Republic,2019,48292968.4086,0.0,0.0,10288988.983000001,58581957.391600005,82.43659064817228,17.563409351827712,0.0,0.0
Lao People's Democratic Republic,2020,44257947.949864,47500.0,0.0,11368389.233000001,55673837.182864,79.49505582756252,20.419625821119272,0.0,0.08531835131820256
Lao People's Democratic Republic,2021,43088941.5001,0.0,0.0,12233140.383,55322081.8831,77.8874186100776,22.112581389922394,0.0,0.0
Lao People's Democratic Republic,2022,51927715.999603696,15300.0,0.0,30597860.083333,82540876.0829367,62.911515438032126,37.06994829154516,0.0,0.01853627042270139
Lao People's Democratic Republic,2023,42879056.18,0.0,0.0,8706943.7,51585999.879999995,83.12149862316481,16.878501376835192,0.0,0.0
Latvia,2016,6812710.242517,24316.73,9482.2222226,2910790.1148349,9757299.3095745,69.82167940499605,29.83192400358819,0.0971808071245229,0.2492157842912417
Latvia,2017,6982912.7596432995,22896.5,11175.0,3057895.5517160003,10074879.8113593,69.31013461590037,30.351682689735533,0.11091943734554857,0.22726325701855507
Latvia,2018,6747017.893836999,17290.2833333,11569.4444449,3095793.5675065997,9871671.1891218,68.34727134420717,31.36037969860711,0.11719843806841015,0.1751505191173023
Latvia,2019,6817206.876320301,19223.996667,10963.3333327,3019610.7520077,9867004.958327701,69.09094406166902,30.603113759045637,0.11111105526958313,0.1948311240157536
Latvia,2020,5890519.321963,22404.6,8767.222222100001,2489336.4491899,8411027.593375,70.0332897088901,29.5961037049818,0.10423485269511613,0.266371733432989
Latvia,2021,5845327.255323401,10697.4,12386.1111112,2293585.7156104,8161996.482045001,71.61639028125192,28.10079274912574,0.15175344829475643,0.1310635213275631
Latvia,2022,7357763.576,12337.7,11233.344000000001,2930954.7813999997,10312289.4014,71.34946751010602,28.421960122667738,0.10893162093060499,0.11964074629562887
Latvia,2023,7443291.1049999995,15215.8,22945.825,2857742.611,10339195.341,71.99100954678441,27.639893790067433,0.22193047179414926,0.14716619135400083
Lithuania,2016,12447700.975643601,26901.0,41230.0,5008772.9879348995,17524604.9635785,71.02985203668636,28.58137457788444,0.23526921197760847,0.15350417345160433
Lithuania,2017,12255874.971403,34443.0,44210.0,5078844.8897197,17413372.8611227,70.38197062193281,29.166347784689023,0.2538853348664219,0.19779625851174326
Lithuania,2018,11562453.1350573,31963.0,61516.0333333,5098300.153379701,16754232.321770301,69.01213325085119,30.42992394676905,0.3671671262034884,0.19077567617626717
Lithuania,2019,11175934.9936276,31067.0,72608.4999997,5170530.9097629,16450141.4033902,67.93823055724225,31.431528659670416,0.44138526362293856,0.18885551946439452
Lithuania,2020,9756262.833976699,26739.0,101928.666667,4560051.3718662,14444981.872509899,67.54084511898036,31.568411868653072,0.7056337457991514,0.18510926656742108
Lithuania,2021,9710141.5500264,9352.0,22373.2416663,4240926.3711896995,13982793.1628824,69.44350414767031,30.32960812470088,0.16000552540310908,0.06688220222569742
Lithuania,2022,13597038.7017637,10470.0,24123.7253964,5496034.049206,19127666.4763661,71.08571617224729,28.73342681919318,0.12611954221497415,0.05473746634455697
Lithuania,2023,13198531.515,13781.0,34641.87,6459311.549,19706265.934,66.97631889879275,32.77795788727023,0.17579114235046941,0.06993207158654596
Malaysia,2022,103067114.08997001,52456.125,92467.428568,38294928.9705857,141506966.6141237,72.83536390899002,27.062221660798087,0.06534478886834601,0.037069641343555164
Malaysia,2023,146264416.58330002,551605.625,106394.833333,167073974.310462,313996391.352095,46.581559728592126,53.208883576982316,0.0338840942963882,0.17567260012917332
Maldives,2017,1204667.9277,55214.5,30.0,3900716.083333,5160628.511033,23.34343433410327,75.58606621254735,0.000581324540913233,1.0699181288084567
Maldives,2018,1610679.691733,46742.5,0.0,2852076.5532380003,4509498.744971001,35.71748841330164,63.24597731441083,0.0,1.03653427228752
Maldives,2019,1323050.4983023,26410.0,97.0,1648732.660747,2998290.1590493,44.1268332322384,54.98909622775741,0.0032351772128270877,0.8808353627913752
Maldives,2020,1240983.63053,21913.33333,780.0,1900038.22619,3163715.19005,39.22551671000408,60.05718315497204,0.024654558111081824,0.6926455769128093
Maldives,2021,1343540.7333697001,27805.16667,376.0,2330467.5833,3702189.4833397004,36.290436764941276,62.94836052523475,0.010156152236184707,0.7510465575877897
Maldives,2022,1012923.1600367001,20660.0,293.5,2574428.505953,3608305.1659897,28.071992623685745,71.3473053836586,0.00813401268735256,0.5725679799683266
Maldives,2023,1984886.54,25450.0,850.0,3136160.58,5147347.12,38.56135002606935,60.92770716422948,0.016513360769809516,0.4944294489313555
Mali,2017,26708093.6370367,77380.166667,0.0,20478207.5253663,47263681.32907,56.50870369382255,43.32757616316055,0.0,0.16372014301688884
Mali,2018,54997107.4200033,91950.33333,950.0,25010242.2920033,80100250.0453366,68.66034424221526,31.223675678724533,0.0011860137758150588,0.11479406528438582
Mali,2019,47335139.20307,91323.0,2500.0,37811019.8473333,85239982.0504033,55.5316156391026,44.35831512138898,0.002932895971894649,0.107136343536534
Mali,2020,78798083.283337,650890.333333,0.0,30494027.255833,109943000.872503,71.67175960088295,27.7362151422407,0.0,0.5920252568763467
Mali,2021,133489134.3967,741887.83333,0.0,27969204.7750034,162200227.0050334,82.29898124159688,17.243628625831366,0.0,0.45739013257174893
Mali,2022,31595387.486899998,1680394.0,0.0,36153930.300164,69429711.787064,45.50701230591423,52.07270687086465,0.0,2.420280823221115
Malta,2016,1618195.99,82323.0,3964.923,1778744.3229999999,3483228.236,46.45678894295688,51.06597106144955,0.11382897505887121,2.363411020534688
Malta,2017,1907486.0389999999,105552.0,4842.207,1834924.0899999999,3852804.3359999997,49.50902959635789,47.62567548148648,0.12568006516072402,2.739614856994908
Malta,2018,1669264.0299999998,100893.5,14387.42,1811355.87,3595900.82,46.42130341069863,50.37279837990638,0.40010614085846785,2.8057920685365287
Malta,2019,1924771.35,84170.5,4725.18,1835627.58,3849294.6100000003,50.003222538479584,47.687375635818114,0.12275443889705288,2.186647386805241
Malta,2020,1754748.0,80788.0,3169.0,1361820.0,3200525.0,54.82687996500574,42.549894157989705,0.09901500535068465,2.524210871653869
Malta,2021,1778902.64,88172.0,13328.43,1182022.3,3062425.37,58.0880323624017,38.59758711442493,0.4352246467968622,2.8791558763765073
Malta,2022,2563015.0,85151.0,12299.0,1990012.0,4650477.0,55.112948628710555,42.79156740265569,0.26446749440971323,1.8310164742240418
Malta,2023,2602613.98,47851.14,13404.8,1976163.8900000001,4640033.81,56.09040982397497,42.589428674874256,0.2888944466549049,1.031267054495881
Montenegro,2016,4042565.0,39743.0,989.0,2602827.0,6686124.0,60.46201057593308,38.92878744097477,0.014791828569138115,0.5944101545230092
Montenegro,2017,3840557.0,31477.0,687.0,2408329.0,6281050.0,61.145142929924134,38.34277708344943,0.01093766169669084,0.501142324929749
Montenegro,2018,3760922.0,17561.0,904.0,2468150.0,6247537.0,60.19847501503393,39.505968512071234,0.014469702220250956,0.2810867706745874
Montenegro,2019,3904289.0,25009.0,1230.0,2336935.0,6267463.0,62.29456799346084,37.28677775999635,0.01962516571697352,0.39902908082584615
Montenegro,2020,3168643.0,19876.0,1357.0,3268803.0,6458679.0,49.06023352453342,50.6110150388338,0.021010488367667755,0.30774094826511733
Montenegro,2021,3387990.500333,18074.666666700003,1763.1666667,3969100.9047689,7376929.238435299,45.926840163802595,53.80424261207602,0.023901092306993315,0.24501613181440482
Montenegro,2022,3794219.7916470002,25608.666666700003,2109.1111111,3647142.4050981,7469079.9745229,50.799024840932475,48.82987486462237,0.0282378970140124,0.34286239743116154
Montenegro,2023,3951436.10000767,30641.833336670003,2808.888888867,3340166.97023856,7325053.7924717665,53.944123988122925,45.59921421561948,0.03834632438814034,0.4183154718694594
Nepal,2016,132624272.61933,467976.875,63813.5625,278804581.332056,411960644.388886,32.193432655701514,67.67747966450595,0.015490208438396545,0.11359747135414114
Nepal,2017,166005762.1996333,523176.5625,9230.6875,353106392.28301096,519644561.73264426,31.946021266175173,67.95152269190557,0.0017763464067096625,0.1006796955125594
Nepal,2018,129082702.92266999,530071.9375,32957.4375,371392989.974959,501038722.272629,25.763019340535624,74.12460823195094,0.0065778224386551405,0.1057946050747697
Nepal,2019,165490315.0983333,100922890.625,427553.145834,325342371.02087003,592183129.8900373,27.945800335288723,54.939486553979165,0.0721994809128373,17.04251362981928
Nepal,2020,184360219.2982333,92624266.625,159118.9986107,253117964.07912,530261569.000964,34.76778821546054,47.73454816950158,0.03000764300352506,17.46765597203436
Nepal,2021,253503087.75530002,131939674.75,645560.965277,469473601.8279,855561925.2984769,29.630010436341152,54.873129337086425,0.07545461598840847,15.42140561058402
Nepal,2022,63810954.43464,58098601.375,1225608.722222,226973337.31313,350108501.844992,18.2260510951236,64.82942748234683,0.35006539851598045,16.59445602401359
Nepal,2023,94628009.98,37749706.0,612823.74,227672699.76999998,360663239.49,26.23722065875353,63.12611734202331,0.16991577541048275,10.466746223812663
Norway,2016,19363017.331,2755.5,32635.23,5085301.483,24483709.544,79.08530893246575,20.77014299594241,0.13329364956462497,0.011254422027217952
Norway,2017,18773110.344,2458.0,34280.903,4795584.417,23605433.664,79.52876702549361,20.315595490684057,0.14522462704119207,0.010412856781142845
Norway,2018,18228364.119,2707.5,34830.844,4528496.1899999995,22794398.653,79.96861157204049,19.866706110292576,0.1528043995818063,0.011877918085124227
Norway,2019,18964887.969,2599.0,36408.022,4535594.928,23539489.919,80.5662655998863,19.26802553329363,0.15466784592733723,0.011041020892734834
Norway,2020,16407146.75,3268.5,38306.57,4244257.05,20692978.87,79.28847196469398,20.510614139529153,0.18511868320484104,0.015795212572021534
Norway,2021,16555968.0,3357.0,41640.0,4211892.0,20812857.0,79.54683011563478,20.236971791042432,0.20006864026404447,0.016129453058751138
Norway,2022,19144023.0,3769.0,45640.0,4252588.0,23446020.0,81.6514828529533,18.1377820201467,0.19465990389840152,0.016075223001601125
Norway,2023,19496010.927,3256.0,50257.17,4480183.061,24029707.158000004,81.13295263571018,18.64435147520494,0.2091459944540702,0.01354989463080497
Oman,2021,5584654.3813306,32.5,45802.66667,1763022.33714,7393511.8851406,75.5345290315226,23.845533280108782,0.6194981137726133,0.00043957459600921386
Oman,2022,8653680.8950043,42.5,11857.8888887,1931005.9621334,10596587.2460264,81.66479163609333,18.222904387046928,0.11190290433504026,0.0004010725247030549
Oman,2023,10003009.7,2162.5,29075.02,5735893.55,15770140.77,63.43005966712115,36.37186017331918,0.18436753624489047,0.013712623314775902
Papua New Guinea,2022,42464959.40006,0.0,0.0,8737856.417,51202815.817059994,82.93481270987313,17.065187290126882,0.0,0.0
Papua New Guinea,2023,39377114.87,0.0,0.0,10366033.5,49743148.37,79.16088177029877,20.83911822970123,0.0,0.0
Peru,2019,76169491.52627,671.0,120896.58333,37872538.1793667,114163597.28896672,66.71959655709917,33.17391802529235,0.10589766458040997,0.0005877530280528822
Peru,2020,43749270.2966,1002.0,105932.5,31227383.018033303,75083587.81463331,58.267421110201056,41.59015828482731,0.14108609229160257,0.0013345126800196896
Peru,2021,50569776.178729996,1191.0,147098.33333330002,32115809.9319667,82833875.44403,61.04963205892675,38.771347784720064,0.17758233880134322,0.0014378175518357178
Peru,2022,65267925.1543,5019.0,204843.5,37610599.145399995,103088386.79969999,63.3125875576219,36.48383713528966,0.19870666945056525,0.004868637637866893
Poland,2016,189190025.336,378461.0,207026.0,117542266.958,307317779.294,61.561692190613094,38.247792636023014,0.06736544838883063,0.12314972497505254
Poland,2017,213160690.0,598977.0,207841.333,143582227.625,357549735.958,59.61707381180646,40.157274131469656,0.05812934875846597,0.16752270796540583
Poland,2018,191973466.0,776713.0,336712.0,151718498.0,344805389.0,55.67588910276573,44.00119686064419,0.09765276609409373,0.22526127049597827
Poland,2019,202906401.0,853962.0,241636.0,131596772.0,335598771.0,60.46100836287032,39.21253096603265,0.07200145557148062,0.2544592155255539
Poland,2020,165914274.621,844513.625,275508.849,96388062.37599999,263422359.471,62.98412744999553,36.59069130257764,0.10458825498081176,0.3205929924460236
Poland,2021,175639716.509,812186.188,344819.592,111078897.786,287875620.07500005,61.01236237484811,38.585725931588335,0.1197807552824947,0.282130938281054
Poland,2022,189129759.0,13368926.0,355389.0,130228198.0,333082272.0,56.78169476398912,39.09790731822557,0.10669706252033732,4.013700855264972
Poland,2023,194958115.05,1493915.72,389205.01,125304355.11999999,322145590.90000004,60.51863522494047,38.89680897693763,0.12081649446532901,0.46373930365656907
Portugal,2016,40818041.3334777,1639517.7667037002,152643.4404797,25077141.508726,67687344.0493871,60.30380111191156,37.04849386678376,0.22551252767182872,2.4221924936328567
Portugal,2017,41257804.5962633,1611111.6999633,157774.9392789,22353395.1257081,65380086.361213595,63.10454282412707,34.18991373337974,0.24131956389170386,2.464223878601488
Portugal,2018,43258613.5870837,1661736.2666667,168633.26448820002,23104474.891511,68193458.00974959,63.43513710787189,33.88077913310653,0.24728657177656338,2.436797187245032
Portugal,2019,42647912.573219694,1750554.83337,193929.0719926,24330415.808014303,68922812.2865966,61.87778930998935,35.30096204844769,0.28137138569766884,2.539877255865298
Portugal,2020,33415598.463866998,1695006.7099967,192618.1910356,18262204.751531,53565428.1164303,62.38277119942839,34.09326760506069,0.3595942342081601,3.1643669613027607
Portugal,2021,33919778.4362437,1855180.4333637,204355.1810289,18394238.961366702,54373553.012003,62.38286180922531,33.82938568922682,0.37583562174755886,3.41191687980031
Portugal,2022,41977127.909607,1839561.6333333,228521.7839327,24080002.117042698,68125213.4439157,61.617609380651416,35.34668135295699,0.33544376946551707,2.7002654969260758
Portugal,2023,46029487.3059,1809501.365,247474.542,24847245.001,72933708.21389998,63.111404086166466,34.068259532516834,0.3393143555435391,2.4810220257731777
Qatar,2021,2255389.5249660998,868.875,15312.1388886,937181.3873697,3208751.9262244,70.28868472297015,29.207037780338506,0.4771992114272646,0.0270782852640892
Qatar,2022,4154572.5054596,11825.375,30382.3706356,2296787.6599,6493567.910995199,63.97981144425844,35.37019542077902,0.4678840824033766,0.18210905255917545
Qatar,2023,7347858.210000001,829922.75,641026.8,3625510.2399999998,12444318.000000002,59.045889135909256,29.133860449403485,5.15116055375634,6.6690898609309075
Republic of Korea,2021,147975664.0,6937665.0,411006.0,226539697.0,381864032.0,38.75087769460308,59.3247014686107,0.10763150377043104,1.8167893330157892
Republic of Korea,2022,193510482.9,6658858.199999999,435665.5,305868317.2,506473323.8,38.20743834011184,60.391792188601734,0.08601943666672539,1.314750034619691
Republic of Korea,2023,242095010.6,6652099.8,427369.0,375240971.90000004,624415451.3,38.77146379000887,60.09476080689038,0.0684430532765069,1.0653323498242524
Romania,2016,102968784.699,342833.75,150332.389,78479541.174,181941492.012,56.59444888591365,43.13449357050664,0.08262677596932358,0.1884307676103856
Romania,2017,99788254.291,502556.0,155342.33299999998,81877502.01699999,182323654.64099997,54.73138111864073,44.907777972210425,0.08520141465235166,0.27563949449650177
Romania,2018,98645837.796,595345.0,193320.247,85023921.268,184458424.31100002,53.47862975869373,46.09381305602407,0.1048042385280592,0.3227529467541359
Romania,2019,101366784.496,862754.5,235392.452,88338831.358,190803762.806,53.126197830314716,46.29826480299481,0.12336887309677201,0.452168493593707
Romania,2020,92780232.37200001,628927.0,289182.85,91361723.91100001,185060066.13300002,50.135198971192516,49.368686513566715,0.1562643178740509,0.3398501973667291
Romania,2021,92301546.65,775062.0,390097.32,94308484.96000001,187775190.93,49.155346983195855,50.22414542246793,0.20774699685722747,0.41276059747899946
Romania,2022,101325924.0,739954.0,401367.0,98080730.0,200547975.0,50.524531100351425,48.906367665891416,0.20013515469303542,0.36896607906412415
Romania,2023,103209315.62200001,355749.25,429310.284,96438966.67300001,200433341.82900003,51.49308726791233,48.11523162412621,0.2141910522882299,0.17749005567322623
Russian Federation,2016,426917526.0,15561923.0,352771.0,381028698.0,823860918.0,51.819125858813955,46.249153185343836,0.042819241973072936,1.8889017138691364
Russian Federation,2017,451442701.0,21477580.0,540423.0,389873225.0,863333929.0,52.29062426897855,45.15902965282394,0.06259721549759688,2.4877488626999162
Russian Federation,2018,407650366.0,20050796.0,899991.0,379941136.0,808542289.0,50.41793998235756,46.99087990436577,0.11131031885952473,2.4798697944171475
Russian Federation,2019,421254754.0,24401556.0,1036927.0,390363988.0,837057225.0,50.32568161633155,46.63528087939268,0.12387767156540581,2.915159832710362
Russian Federation,2020,436237939.0,23953008.0,2013668.0,597050329.0,1059254944.0,41.18346970868611,56.365120822131374,0.19010229892304378,2.2613071702594763
Russian Federation,2021,380654349.098326,22260281.8755,2553949.0896465,478864348.48015296,884332928.5436255,43.044235582769865,54.149781493354155,0.2887995015466067,2.517183422329373
Russian Federation,2022,369857708.03709996,22664943.77083,3156869.5002400996,419970172.12298226,815649693.4311523,45.345166070159145,51.4890369609918,0.3870374163889226,2.7787595524601407
Russian Federation,2023,390294765.4659597,26238389.33333,9205808.0354078,432906343.99893135,858645306.8336289,45.4547136471548,50.41736565186995,1.0721316429662286,3.0557890580090192
Rwanda,2022,36899355.4760733,0.0,10.0,6660765.15,43560130.6260733,84.70901015615152,15.290966887076184,2.2956772296762608e-05,0.0
Saudi Arabia,2022,73621908.578367,67700.0,548447.374967,47553497.8986267,121791553.85196069,60.449108538228714,39.04498825626991,0.45031642804528577,0.05558677745608721
Saudi Arabia,2023,69495855.08,62548.5,652718.0900000001,41182836.99,111393958.66,62.38745432516439,36.970440305204974,0.5859546584498769,0.05615071118076737
Senegal,2021,60621362.050000004,601802.83,0.0,19908855.52,81132020.4,74.71940394325493,24.538838576735355,0.0,0.7417574800097052
Senegal,2022,69445567.60000001,766680.0,0.0,19613367.799999997,89825615.4,77.31154113529179,21.83493841112053,0.0,0.8535204535876745
Senegal,2023,63360607.12,825582.5,0.0,20513570.73,84699760.35,74.80612325014684,24.219160296596993,0.0,0.9747164532561751
Singapore,2023,12766620.0,73660.0,70345.0,7154835.0,20065460.0,63.624855846813375,35.657468106886164,0.35057755964727444,0.3670984866531841
Slovenia,2016,7248762.743597,3263.375,13643.862380999999,2590683.9346096,9856353.9155876,73.54405904736483,26.284404525211823,0.13842707453333772,0.0331093528900078
Slovenia,2017,7282971.346310301,4012.125,15842.787301100001,2665253.2129634,9968079.471574802,73.06293420993065,26.73788085823047,0.1589352025761597,0.04024972926270367
Slovenia,2018,7318992.335634001,5923.125,15688.162,2690241.5059663,10030845.128600301,72.96486230024458,26.819689382859558,0.1563992046419833,0.05904911225387955
Slovenia,2019,7329637.8332193,11205.875,16796.3081265,2641376.4296867,9999016.4460325,73.30358813568728,26.416362488680267,0.16797960296549558,0.11206977266695435
Slovenia,2020,5595831.4203057,30330.75,26429.4209524,2277475.4765391997,7930067.0677972995,70.56474267449077,28.71949829765821,0.33328117815958375,0.3824778496914383
Slovenia,2021,5563672.7656594,39089.375,30231.676060700003,2325094.5658255997,7958088.382545699,69.91217611835125,29.216747214383528,0.3798861561654238,0.49119051109979966
Slovenia,2022,7045622.731194,53632.0,27516.442570500003,2592719.5440473,9719490.7178118,72.48962868272811,26.67546705195076,0.2831058063574644,0.5517984589636447
Slovenia,2023,7746323.3814,62884.125,26474.6356,2691933.8403,10527615.9823,73.58098352394154,25.570213093125048,0.2514779760632569,0.597325406870146
South Africa,2019,197315171.19000003,46.2,239018.67,32575522.42,230129758.48,85.74083269076573,14.155284668597549,0.10386256500624301,2.0075630507392695e-05
South Africa,2020,213321760.85,119.04,445356.5,42275585.47,256042821.85999998,83.31487651180505,16.5111387083195,0.17393828765233404,4.6492223111448575e-05
South Africa,2021,257538174.01999998,135.05,512027.0,64234932.29,322285268.36,79.9100049873592,19.93107926306086,0.15887384570989888,4.190387003638841e-05
South Africa,2022,342555260.26,328.13,573998.67,80318127.19,423447714.25,80.89670784189384,18.96766105639688,0.13555361162278373,7.749008648710635e-05
South Africa,2023,349093703.37,594.77,708229.67,85539957.87,435342485.68,80.18829194323168,19.64888810160294,0.16268333399478652,0.00013662117058733104
Spain,2016,299982688.82824326,12302416.05216,2080189.3417667,158886463.3813603,473251757.6035303,63.387548806433735,33.57334882091837,0.4395523753150838,2.5995499973328
Spain,2017,292935171.31092,11923992.903946,2185422.7162367,156772835.00187668,463817421.9329794,63.15743166569722,33.800549006658485,0.47118167901689745,2.5708376486273927
Spain,2018,287715330.744917,11890432.35111,2305655.32736,156304511.8137337,458215930.2371206,62.79033786451469,34.11154032397961,0.5031809623394923,2.594940849166213
Spain,2019,278595801.1038987,11810637.51106,2631332.3185933,147776281.6382993,440814052.5718513,63.20029941842393,33.523496080972194,0.5969256885621633,2.679278812041706
Spain,2020,219198082.58682,11319297.902441,2882423.830767,119329910.84336561,352729715.1633936,62.14335599292555,33.83041057033964,0.817176355394891,3.2090570813399166
Spain,2021,224332110.7447693,11676461.402774999,2970914.5470626997,119669795.1789693,358649281.8735763,62.549159327146306,33.366801838781555,0.8283620509548226,3.2556767831173143
Spain,2022,256655041.823573,11704622.860777,3236052.015727,146567797.5423993,418163514.2424763,61.37671821715871,35.050355315650634,0.773872398119015,2.7990540690716403
Spain,2023,275428954.394,11425670.458,3688417.053,153476142.914,444019184.81899995,62.03086799194857,34.565205324757095,0.8306886682167903,2.573238015077561
Sudan,2021,88870825.01666701,0.0,0.0,160461659.3,249332484.31666702,35.64350038874028,64.35649961125972,0.0,0.0
Sweden,2016,34459051.4117223,480.75,68352.6055593,9672554.7284165,44200439.4956981,77.9608795859962,21.883390388817066,0.15464236631844477,0.001087658868294262
Sweden,2017,33824533.1940556,407.75,66932.5944447,9432823.722828,43324697.2613283,78.07217437673232,21.7723938517806,0.1544906223832847,0.0009411491038021825
Sweden,2018,33417839.8769667,707.0,69515.4666662,9203705.9688066,42691768.3124395,78.27701029481467,21.55850256997865,0.16283107824780502,0.0016560569588634133
Sweden,2019,32224511.0231652,1141.5,82010.472226,9406891.7848095,41714554.7802007,77.2500418450113,22.550622521025602,0.1965991790110757,0.0027364549520298345
Sweden,2020,27399955.508085303,608.75,90618.7611144,9356627.921507,36847810.94070671,74.35979182637381,25.39262898564891,0.2459271224014319,0.0016520655758345158
Sweden,2021,26724268.774385203,782.5,103382.73333,9399374.041054599,36227808.0487698,73.76728047804892,25.945191131633415,0.28536844732871053,0.0021599429889509188
Switzerland,2016,20167438.870810397,927972.16663,121387.85714000001,13088986.390774399,34305785.2853548,58.7872823870903,38.15387486950229,0.35384077679696985,2.7050019666104332
Switzerland,2017,19895173.0839294,889127.16663,127101.97618999999,12489648.230924,33401050.4576734,59.56451312554086,37.39298033979852,0.38053287081813975,2.661973663842468
Switzerland,2018,20901563.175363,792497.83333,136448.21429,12230066.605662,34060575.828645,61.36585382618445,35.906811050964365,0.4006045434359534,2.3267305794152433
Switzerland,2019,21247093.0,748319.0,126331.0,11764400.0,33886143.0,62.701420459684655,34.71743597375482,0.37281020740542825,2.2083333591550978
Switzerland,2020,18587947.0,638637.0,117369.0,9758980.0,29102933.0,63.86966908111976,33.53263397885017,0.40328924923134035,2.194407690798725
Switzerland,2021,18306162.245859697,622346.0,117583.82539770001,8931254.844916001,27977346.9161734,65.43208796998941,31.923165808666944,0.42028225817840537,2.224463963165244
Switzerland,2022,22205023.512131,578862.5,123967.0793621,10341690.279403599,33249543.370896704,66.78294274431161,31.103255055393248,0.372838441656941,1.7409637586381947
Switzerland,2023,24494372.4205407,568791.0,119154.166666,10972389.38687237,36154706.97407907,67.7487787084039,30.348439539944184,0.3295675076316535,1.5732142440202646
Tajikistan,2016,41307846.0,1671047.0,25540.0,23937502.0,66941935.0,61.70697933963217,35.758604826705415,0.038152467507848405,2.4962633661545635
Tajikistan,2017,24648047.0,1872778.0,6450.0,26838197.0,53365472.0,46.187255684724384,50.29131382928648,0.01208646669516949,3.5093440192939735
Tajikistan,2018,27626837.0,1069681.0,86370.0,35850615.0,64633503.0,42.743833643056604,55.46754134616532,0.13363038670517363,1.6549946240729054
Tajikistan,2019,43253046.0,818552.0,75755.0,34874533.0,79021886.0,54.73552731960864,44.13275203277229,0.09586584658331238,1.0358548010357536
Tajikistan,2020,42760399.0,1599358.0,125288.0,61094258.0,105579303.0,40.500739998255156,57.86575234352513,0.11866719749040208,1.5148404607293153
Tajikistan,2021,34848768.56697,1732894.0,825528.0,33828871.41667,71236061.98364,48.92012219172549,47.488407520953515,1.1588624876394626,2.4326077996815356
Tajikistan,2022,29245621.877926998,4997453.0,60650.0,26464760.083003,60768484.96093,48.12629753190316,43.550139681807174,0.09980502235491609,8.223757763934747
Tajikistan,2023,38072492.900000006,1329774.5,30367.5,31357718.71,70790353.61000001,53.782035204612676,44.296598492439706,0.04289779391031353,1.8784685090373003
Timor-Leste,2016,2245799.3832974,0.0,0.0,388575.25,2634374.6332974,85.24981052092704,14.750189479072962,0.0,0.0
Timor-Leste,2017,2771819.9163376,0.0,0.0,393146.25,3164966.1663376,87.57818474707625,12.421815252923748,0.0,0.0
Timor-Leste,2018,2245799.3832974,0.0,0.0,388575.25,2634374.6332974,85.24981052092704,14.750189479072962,0.0,0.0
Timor-Leste,2019,2771819.9163376,0.0,0.0,393146.25,3164966.1663376,87.57818474707625,12.421815252923748,0.0,0.0
Tunisia,2016,101465619.34677,35601.375,45940.55556,31406068.516704,132953229.794034,76.31677658674153,23.621892123536274,0.034553922180882206,0.0267773675413168
Tunisia,2017,109096829.76629701,21543.375,12195.0,36236760.15684,145367328.298137,75.04907123459542,24.92771971602948,0.008389092750600059,0.014819956624514847
Tunisia,2018,118003788.31173,3747580.833,16760.0,37624258.383304,159392387.528034,74.0335157417574,23.60480256730368,0.010514931271138808,2.351166759667788
Tunisia,2019,96514015.07663,3656033.042,20820.0,28934918.926230002,129125787.04485999,74.74418339312795,22.408319506449654,0.016123812660879935,2.8313732877615267
Tunisia,2020,91118206.48837,4625392.333,16055.0,31975376.958373003,127735030.77974302,71.33376485068345,25.03258249767757,0.012568987459426126,3.6210836641795545
Tunisia,2021,65420537.644963,4010595.0,21740.0,33140298.92592,102593171.570883,63.76695119495655,32.30263614866699,0.02119049413047879,3.9092221622459795
Tunisia,2022,84099107.94493,2685637.167,15520.0,39403247.8098,126203512.92173,66.63769177097893,31.22198970343833,0.012297597460401384,2.1280209281223432
Tunisia,2023,108359726.28,9614568.66,35931.67,31385047.880000003,149395274.48999998,72.53223145773144,21.008059315892762,0.024051410007888265,6.435657816367925
Uganda,2021,212861255.466667,2315102.0,85530.0,113366269.80357,328628157.27023697,64.77267719078232,34.49682180165311,0.026026376044724343,0.7044746315198576
Uganda,2022,207378971.889636,30933930.0,188495.8333,134892901.2586033,373394298.9815393,55.53886935480203,36.12612769571836,0.050481711642126406,8.28452123783748
Uganda,2023,264782961.73,31013484.0,239476.45,172148249.16,468184171.34,56.55529980267359,36.76934413807515,0.051150052620230486,6.624206006631033
Ukraine,2016,74308759.0,4278124.0,199115.0,59127262.0,137913260.0,53.88079362347029,42.872789752051396,0.1443769801395457,3.1020396443387677
Ukraine,2017,74550137.0,7671353.0,189541.0,96287881.0,178698912.0,41.718293729734626,53.882746079617995,0.10606723783522533,4.292892952812158
Ukraine,2018,78084260.0,6650403.0,509645.0,106214876.0,191459184.0,40.78376308132599,55.47651138009655,0.2661898945521464,3.4735356440253087
Ukraine,2019,106983170.9041037,2846058.099,1438852.5088129,198342115.233086,309610196.74500257,34.554149711101374,64.06188081603854,0.46473033638422134,0.9192391364758687
Ukraine,2020,51059024.941037305,6223376.714000001,3115933.91197,213013706.179856,273412041.7468633,18.674753538584067,77.90940911705465,1.1396476512380045,2.276189693123272
Ukraine,2021,71457311.882017,6374271.6028,3818457.8599663004,121192915.74807861,202842957.09286192,35.227898915565355,59.74716474508713,1.8824700224707347,3.1424663168767775
Ukraine,2022,52685096.3506627,5195765.51225,2289185.13749,72525822.859667,132695869.86006972,39.703644436123085,54.65567461605764,1.7251366903159748,3.9155442575032904
Ukraine,2023,56887729.496232,5289153.63425,459155.9141681,66904280.3355797,129540319.3802298,43.91507583770409,51.6474566804183,0.354450194630426,4.083017287247186
United Kingdom of Great Britain and Northern Ireland,2017,277342362.0082354,1178938.157333,1530399.2844326,136758780.5176296,416810479.96763057,66.5392007489288,32.81078261953736,0.3671690991434406,0.2828475323903939
United Kingdom of Great Britain and Northern Ireland,2018,273508430.402661,998684.5330833,1614162.4494964,131369468.6565656,407490746.04180634,67.12015746600551,32.23863852925087,0.39612248012395257,0.2450815246196635
United Kingdom of Great Britain and Northern Ireland,2019,273093362.1064703,844992.7258370001,1647576.71755684,125930353.28568238,401516284.8355465,68.01551329812791,31.36369757387576,0.4103387035053027,0.21045042449102486
United Kingdom of Great Britain and Northern Ireland,2020,244428136.13220066,641628.12833,1596550.13385,111937786.03569418,358604100.4300748,68.16099867208919,31.214865056324488,0.4452124590698359,0.17892381251650322
United Kingdom of Great Britain and Northern Ireland,2021,246971879.10063732,539132.12333,1566851.86243337,107117087.60175341,356194950.6881541,69.33615387402257,30.07260136473231,0.4398860397673454,0.1513587214777803
United Kingdom of Great Britain and Northern Ireland,2022,275813924.65469587,459156.086663,1570158.94813803,108749240.65297763,386592480.3424746,71.34487572297262,28.130200710742965,0.40615351512969355,0.11877005115470503
United Kingdom of Great Britain and Northern Ireland,2023,285030203.539361,414054.33500300004,1555814.8949173898,106924206.52263024,393924279.2919116,72.356597072846,27.143340013169304,0.39495278070039364,0.1051101332843136
United Republic of Tanzania,2017,2244998108.7346964,67245986.708,0.0,130246246.5199967,2442490341.962693,91.91430853031339,5.332518384303445,0.0,2.753173085383161
United Republic of Tanzania,2018,660270696.4336704,55504510.0,0.0,285971171.26667,1001746377.7003404,65.91196246193783,28.54726282346634,0.0,5.54077471459582
United Republic of Tanzania,2019,559944528.1453702,59780396.181,26.7857143,387107570.273803,1006832521.3858875,55.614465787678,38.448059836302875,2.6603942295318318e-06,5.937471715624891
United Republic of Tanzania,2020,354130919.449737,99256507.75,0.0,144406003.87762,597793431.077357,59.23968063876415,24.156505637301535,0.0,16.60381372393431
United Republic of Tanzania,2021,393516373.0025963,178411354.3,0.0,255034336.967,826962064.2695963,47.58578295247009,30.839907655529014,0.0,21.574309392000895
United Republic of Tanzania,2022,364681040.331007,114664198.25,0.0,322965352.2496633,802310590.8306704,45.453848484467265,40.254404708191856,0.0,14.29174680734087
United Republic of Tanzania,2023,472022694.03,31969330.33,191425.0,172803620.84,676987070.2,69.72403385644454,25.52539456757264,0.028276020093477995,4.722295555889333
Zambia,2023,143174778.48,1490571.5,54660.0,37333747.75,182053757.73,78.64423138814823,20.506991020404467,0.03002409875058172,0.81875349269672
"occupied Palestinian territory, including east Jerusalem",2022,13438477.41633,212341.0,0.0,30349188.297170002,44000006.7135,30.541989467939857,68.97541742387581,0.0,0.48259310818434475
"occupied Palestinian territory, including east Jerusalem",2023,16340140.5,133710.0,0.0,18016884.5,34490735.0,47.37544879806128,52.23688187566893,0.0,0.3876693262697939
